{
  "R": {
    "mean": 0.345341295003891,
    "std": 0.20242077112197876
  },
  "G": {
    "mean": 0.3809880316257477,
    "std": 0.13574033975601196
  },
  "B": {
    "mean": 0.4085329473018646,
    "std": 0.114468052983284
  },
  "samples_used": 5000
}